time,device_id,latitude,longitude,aqi,co,co2,hum,no2,o3,pm1,pm10,pm25,so2,temp
2026-07-16T00:00:00.000Z,MCT2408056,15.579167,73.920833,44.81230633023462,180.79899783089863,672.6516157591855,78.94138609119038,7.493165117308496,18.662247471447483,14.200066401062482,43.27486498450634,24.208238158477396,2.3829570606463113,30.53923770695006
2026-07-16T00:00:00.000Z,MCT2408028,15.186944,74.096667,41.45040741781399,600.7726889575728,468.39814554650184,82.20954184040436,17.23246417533108,12.1469289126154,10.667746558021593,35.133436358527746,19.926948581061804,2.1456898005057643,30.08348512222559
2026-07-16T00:00:00.000Z,MCT2408055,15.585833,73.885556,28.870783847981,93.73867933491714,577.3928741092636,76.62173274109259,8.508437054631882,26.104439919240548,9.394883610451396,27.402821852731627,15.237543942993288,1.1526460807600922,30.682831672209137
2026-07-16T00:00:00.000Z,MCT2408057,15.272222,74.104722,28.865092748735243,324.91429735806724,808.0328836424958,78.07680046936491,12.318333333333458,9.028220910624189,5.89232715008422,17.9676503653737,9.779789207419872,1.8501854974705194,30.34676629005036
2026-07-16T00:00:00.000Z,MCT2408020,15.543475,74.039433,37.89979825151311,180.70037310020174,873.4552790854069,75.33758051109656,9.268306717552012,19.134902367182086,13.895897780766598,43.18135171486206,23.063221250840396,3.6724075319434335,31.107994418292026
2026-07-16T00:00:00.000Z,MCT2408053,15.263333,74.110833,43.45061188811189,196.6315423951051,538.4868881118881,77.25050593531465,18.552578671328977,27.56617569930068,4.877194055944176,14.294200174825296,8.145633741258884,5.989576048951029,30.871529562936818
2026-07-16T00:00:00.000Z,MCT2408051,15.486528,74.033889,52.76340694006309,347.2727895448391,528.8206399278954,87.36613732311862,21.785669220369993,5.190860748084744,7.523307796304521,24.162568724650715,13.33371338440745,4.545772870662465,29.04840305092369
2026-07-16T00:00:00.000Z,MCT2408043,15.221111,74.087222,57.334219858156025,177.33408244680848,504.2083333333333,73.96101579787222,24.230416666666848,33.33056737588633,14.270053191489374,45.622934397163576,24.753563829787097,5.2900044326243645,31.26074832446812
2026-07-16T00:00:00.000Z,MCT2408052,15.444425,74.063856,37.46327995582551,164.34625726118168,495.7034787410271,78.99143403092272,3.729938527333011,8.050406900055219,12.983048039757104,38.50392600773064,19.333368304803916,2,30.145239171728097
2026-07-16T00:00:00.000Z,MCT2408021,15.500556,74.053333,49.41762114537445,376.870872246696,499.0850220264317,75.04438286343606,20.680268722467037,14.383923634361311,6.413255506607949,19.57310132158602,12.27327312775325,4.174621145374474,31.101455563876826
2026-07-16T00:00:00.000Z,MCT2408050,15.553611,73.958333,36.03746143675628,88.9168267959445,519.0784486557955,77.53958043631584,11.669841339797426,3.924411635081517,11.434319083296602,36.049400617012274,19.221194358748267,2.6580387836051123,31.09279238871756
2026-07-16T00:00:00.000Z,MCT2408030,15.142519,74.075003,29.349600709849156,168.9531830523513,455.6326530612245,75.73190955634432,8.672129547471235,6.200000000000226,10.598296362023152,30.359884649511738,16.333194321206907,4.042289263531507,30.49557403283037
2026-07-16T00:00:00.000Z,MCT2408029,15.333611,74.206944,18.660808435852374,595.254539455183,520.2100175746924,80.3298305448157,6.305949033391868,8.584837434094885,5.873304042179104,18.176630052724093,10.084195957820679,3.7639147627416465,31.037002253954398
2026-07-16T00:00:00.000Z,MCT2408034,15.356389,74.123611,48.108553566354075,192.18945518613234,482.57175333901677,68.34438471440724,19.862716680874072,5.1506365444728575,11.226177891446254,35.70766126740512,19.13488491048591,1.5813128729751953,33.55362835464618
2026-07-16T00:00:00.000Z,MCT2408023,15.499722,74.020833,48.243838028169016,203.20018045774768,499.19630281690144,78.89258191021094,10.689788732394259,18.889546654929728,13.650532570422335,44.244529049295885,28.297561619718355,4.8853080985915165,30.436512742077635
2026-07-16T00:00:00.000Z,MCT2408027,15.275556,74.1075,35.59178321678322,1178.9887674825093,573.2062937062936,77.74421577797219,6.581988636363571,12.495187937062758,11.920061188811415,37.136984265734185,20.0882255244756,2.9499999999998834,30.746292574300426
2026-07-16T00:00:00.000Z,MCT2408040,15.528056,74.020833,19.076155938349956,100.04922937443337,461.41976427923845,77.84952208975521,8.170525838621963,4.852642792384443,3.223291024478667,9.171654578422306,4.252719854941071,3.525652765185857,30.476733866726978
2026-07-16T00:00:00.000Z,MCT2408049,15.475278,74.055833,56.562611806797854,150.30714946332736,479.1122540250447,76.12545732110975,24.09433363148488,12.53493738819306,8.733193202146884,26.367280858676033,13.903076923077238,2.615567978533026,30.64047106887281
2026-07-16T00:00:00.000Z,MCT2408046,15.529167,74.07,31.10302677532014,241.25000000000804,589.935681024447,81.78843196740381,13.310993852735745,17.874307101572434,9.191647264260768,25.037834691501747,11.924438097206052,3.5131082654249326,29.436049743888496
2026-07-16T00:00:00.000Z,MCT2408037,15.394444,74.118333,28.38309982486865,162.48648734676001,534.1401050788091,76.04505566549955,10.895591068301242,214.69685201401282,7.556449211908904,27.615739929947647,14.37649299474661,3.4485026269702317,30.556072854641112
2026-07-16T00:00:00.000Z,MCT2408042,15.213889,74.071667,61.83991228070175,220.8072368421054,465.6714912280702,76.99683365350879,25.494679824561146,14.254872807017508,12.976679824561721,39.489228070175514,20.813640350877193,3.7008201754386016,31.030460833333436
2026-07-16T00:00:00.000Z,MCT2408041,15.224628,74.171389,34.07055214723926,385.8427404907972,472.16739702015775,75.91147324715136,13.639767747589863,9.70000000000041,10.585403155127057,30.925219106047305,15.799123575810547,7.731691498685357,31.076971432953677
2026-07-16T00:00:00.000Z,MCT2408033,15.346944,74.007778,22.35839160839161,114.8074686625873,468.4593531468532,74.67306439248252,9.508487762237769,50.0398579545451,6.688592657342659,17.421682692307755,10.693815559440411,4.3900000000000095,31.53944420454553
2026-07-16T00:00:00.000Z,MCT2408044,15.313669,74.140042,24.09905871806365,214.28999999999198,470.69072164948454,76.64354057373413,10.485948005378813,3.518614970865003,4.6051591214701295,12.851636037651277,7.713724787090932,3.513903679067713,30.816797113402185
2026-07-16T00:00:00.000Z,MCT2408024,15.148056,74.131667,39.77904761904762,224.619728952381,605.1965714285715,70.99421040000001,16.853246411428714,7.959159011428398,7.819040000000174,25.027531428572704,13.86301714285731,2.536087619047623,32.05191589333368
2026-07-16T00:00:00.000Z,MCT2408022,15.475833,74.038889,48.223805147058826,150.02434954044116,559.2729779411765,78.30927295496278,4.750689338235336,11.145198790441164,16.355698529411764,50.404411764705884,26.971966911764707,4.247541421415445,30.415176162683792
2026-07-16T00:00:00.000Z,MCT2408045,15.619444,73.878889,29.184129767645768,182.42451556334655,469.46996931170537,76.80206983779027,11.578583954406085,17.22476545374824,7.592928540113802,25.927882507671885,13.483691363437114,2.5299999999999887,30.6592745900923
2026-07-16T00:00:00.000Z,MCT2408032,15.525556,73.828611,40.156906696553655,219.52943681703994,704.5511347716447,71.20877154104771,14.817015970860389,43.687988231997046,11.669672177080317,35.868624264499985,19.18521994956628,3.184992995236749,31.944635617819802
2026-07-16T00:00:00.000Z,MCT2408036,15.171567,74.067106,35.91718610863758,120.08779879786287,559.2243989314337,76.8807351691898,11.2268967052538,7.987974176313482,5.147235084594907,15.934924309884234,8.839777382012485,10.928722172751517,30.265066255565387
2026-07-16T00:00:00.000Z,MCT2408039,15.163611,74.110833,30.718667835232253,304.0706441717799,484.6993865030675,75.08362388255928,10.070705521472346,10.29999999999957,9.617248028045886,31.17328220858966,12.837156003505456,2.3000000000000984,30.608088812445374
2026-07-16T00:00:00.000Z,MCT2408031,15.290833,74.149167,22.265590928914087,173.9702980811161,536.0667248146533,78.05634036633312,7.432653284343541,7.4074071426078785,8.34274749236798,22.12250327082454,12.25427387701732,4.981120802442274,29.918775800261656
2026-07-16T00:00:00.000Z,MCT2408035,15.236111,74.125,45.22864651773982,193.24212185720532,486.8418747262374,74.38902872974099,19.206383195794782,67.51571533508422,4.290670170827871,12.612803328953257,6.573902759526888,3.876723609285967,31.430209640823314
2026-07-16T00:00:00.000Z,MCT2408038,15.188889,74.055556,34.531905399375276,351.8470504239159,587.8536367692994,77.42478730477461,14.303092369477831,13.337590361446518,8.81837126282909,25.542646140116158,12.798969210173992,4.679120928157085,30.667942619366414
2026-07-16T00:00:00.000Z,MCT2408026,15.2467,74.198281,31.93344566133109,126.18995108115696,823.7874192642516,78.02076943274373,13.319708732097785,12.5,7.6437742207244135,25.743423195731282,14.561684919966225,2.5789216512215756,30.768854066273075
